original_address,lat,lon,formatted,name,housenumber,street,suburb,postcode,district,city,county,confidence_city_level,state,state_code,country,country_code,confidence,attribution,attribution_license,attribution_url
Aberdeen High School 251 Paradise Rd,39.516652,-76.170698,"Aberdeen High School, 251 Paradise Road, Aberdeen, MD 21001, United States of America",Aberdeen High School,251,Paradise Road,,21001,,Aberdeen,Harford County,,Maryland,MD,United States,us,1,© OpenStreetMap contributors,Open Database License,https://www.openstreetmap.org/copyright
Academy Health Science At Pgcc 301 Largo Rd,38.885703,-76.827536,"301 Largo Road, Upper Marlboro, MD 20774, United States of America",,301,Largo Road,,20774,,Upper Marlboro,Prince George's County,,Maryland,MD,United States,us,0.9,© OpenAddresses contributors,BSD-3-Clause License,
Academy Of The Holy Cross 4920 Strathmore Ave,39.032389300000006,-77.09921393429983,"Academy of the Holy Cross, 4920 Strathmore Avenue, Kensington, MD 20895, United States of America",Academy of the Holy Cross,4920,Strathmore Avenue,,20895,,Kensington,Montgomery County,,Maryland,MD,United States,us,1,© OpenStreetMap contributors,Open Database License,https://www.openstreetmap.org/copyright
Albert Einstein High School 11135 Newport Mill Rd,39.03974495,-77.06585362266958,"Albert Einstein High School, 11135 Newport Mill Road, North Kensington, MD 20895, United States of America",Albert Einstein High School,11135,Newport Mill Road,,20895,College View,North Kensington,Montgomery County,,Maryland,MD,United States,us,1,© OpenStreetMap contributors,Open Database License,https://www.openstreetmap.org/copyright
Al-Huda School 5301 Edgewood Rd,39.01498635,-76.91125006314351,"Al Huda School, Edgewood Road, College Park, MD 20740, United States of America",Al Huda School,,Edgewood Road,Edgewood,20740,,College Park,Prince George's County,,Maryland,MD,United States,us,1,© OpenStreetMap contributors,Open Database License,https://www.openstreetmap.org/copyright
Allegany High School 616 Sedgwick St,39.655434,-78.79535,"Allegany High School, Cumberland, MD, United States of America",,,Allegany High School,,,,Cumberland,Allegany County,,Maryland,MD,United States,us,0.25004699999999996,© OpenStreetMap contributors,Open Database License,https://www.openstreetmap.org/copyright
Annapolis Area Christian School 109 Burns Crossing Rd,39.1063849,-76.67908827127013,"Annapolis Area Christian School, 109 Burns Crossing Road, Severn, MD 21144, United States of America",Annapolis Area Christian School,109,Burns Crossing Road,,21144,,Severn,Anne Arundel County,,Maryland,MD,United States,us,1,© OpenStreetMap contributors,Open Database License,https://www.openstreetmap.org/copyright
Annapolis Senior High School 2700 Riva Rd,38.97455195,-76.5654867379369,"Annapolis Senior High School, 2700 Riva Road, Annapolis, MD 21401, United States of America",Annapolis Senior High School,2700,Riva Road,,21401,Cape Saint John,Annapolis,Anne Arundel County,,Maryland,MD,United States,us,1,© OpenStreetMap contributors,Open Database License,https://www.openstreetmap.org/copyright
Archbishop Curley High School 3701 Sinclair Ln,39.312823,-76.563958,"Archbishop Curley High School, Baltimore, MD, United States of America",,,Archbishop Curley High School,,,,Baltimore,City of Baltimore,,Maryland,MD,United States,us,0,© OpenStreetMap contributors,Open Database License,https://www.openstreetmap.org/copyright
Archbishop Spalding High School 8080 New Cut Rd,39.124747,-76.646468,"Archbishop Spalding High School, Severn, MD, United States of America",Archbishop Spalding High School,,,,,,Severn,Anne Arundel County,,Maryland,MD,United States,us,1,© OpenStreetMap contributors,Open Database License,https://www.openstreetmap.org/copyright
Arundel Senior High School 1001 Annapolis Rd,39.071342,-76.68134,"1001 Annapolis Road, Odenton, MD 21113, United States of America",,1001,Annapolis Road,,21113,,Odenton,Anne Arundel County,,Maryland,MD,United States,us,0.9,© OpenAddresses contributors,BSD-3-Clause License,
Atholton High School 6520 Freetown Rd,39.1879774,-76.88092102309673,"Atholton High School, 6520 Freetown Road, Columbia, MD 21044, United States of America",Atholton High School,6520,Freetown Road,Hickory Ridge,21044,Clemens Crossing,Columbia,Howard County,,Maryland,MD,United States,us,1,© OpenStreetMap contributors,Open Database License,https://www.openstreetmap.org/copyright
Avalon School 200 W Ridgeville Blvd,42.180645,-73.250665,"Avalon School, Monterey, MA, United States of America",Avalon School,,,,,Monterey,Monterey,Berkshire County,,Massachusetts,MA,United States,us,1,© OpenStreetMap contributors,Open Database License,https://www.openstreetmap.org/copyright
Baltimore City College 3220 The Alameda,39.325691,-76.597175,"Baltimore City College, 3220 The Alameda, Baltimore, MD 21218, United States of America",Baltimore City College,3220,The Alameda,,21218,,Baltimore,City of Baltimore,,Maryland,MD,United States,us,1,© OpenStreetMap contributors,Open Database License,https://www.openstreetmap.org/copyright
Baltimore Lutheran School 1145 Concordia Dr,39.40548,-76.569961,"1145 Concordia Drive, Loch Raven, MD 21286, United States of America",,1145,Concordia Drive,Harford,21286,,Loch Raven,Baltimore County,,Maryland,MD,United States,us,0.9,© OpenAddresses contributors,BSD-3-Clause License,
Baltimore Polytechnic Institute 1400 W Cold Spring Ln,39.3467672,-76.6441673,"Baltimore Polytechnic Institute, 1400 West Cold Spring Lane, Baltimore, MD 21209, United States of America",Baltimore Polytechnic Institute,1400,West Cold Spring Lane,Greater Roland Park,21209,Cross Keys,Baltimore,,,Maryland,MD,United States,us,1,© OpenStreetMap contributors,Open Database License,https://www.openstreetmap.org/copyright
Baltimore School for the Arts 712 Cathedral St,39.297778,-76.6175,"Baltimore School For The Arts, Baltimore, MD, United States of America",Baltimore School For The Arts,,,,,,Baltimore,City of Baltimore,,Maryland,MD,United States,us,1,© OpenStreetMap contributors,Open Database License,https://www.openstreetmap.org/copyright
Barbara Ingram School for the Arts 7 S Potomac St,39.6417857,-77.72098583667366,"Barbara Ingram School for the Arts, 7 South Potomac Street, Hagerstown, MD 21740, United States of America",Barbara Ingram School for the Arts,7,South Potomac Street,,21740,,Hagerstown,Washington County,,Maryland,MD,United States,us,1,© OpenStreetMap contributors,Open Database License,https://www.openstreetmap.org/copyright
Bard High School Early College Baltimore 2801 N Dukeland St,39.3178219,-76.6643135,"Bard High School Early College Baltimore, 2801 North Dukeland Street, Baltimore, MD 21216, United States of America",Bard High School Early College Baltimore,2801,North Dukeland Street,Greater Rosemont,21216,Hanlon-Longwood,Baltimore,,,Maryland,MD,United States,us,1,© OpenStreetMap contributors,Open Database License,https://www.openstreetmap.org/copyright
Bel Air High School 100 Heighe St,39.52953035,-76.34688705105536,"Bel Air High School, 100 Heighe Street, Bel Air, MD 21014, United States of America",Bel Air High School,100,Heighe Street,,21014,Wakefield Manor,Bel Air,Harford County,,Maryland,MD,United States,us,1,© OpenStreetMap contributors,Open Database License,https://www.openstreetmap.org/copyright
Beth Tfiloh Dahan Community High School 3300 Old Court Rd,39.386529,-76.707335,"3300 Old Court Road, Pikesville, MD 21208, United States of America",,3300,Old Court Road,,21208,,Pikesville,Baltimore County,,Maryland,MD,United States,us,0.9,© OpenAddresses contributors,BSD-3-Clause License,
Bethesda-Chevy Chase High School 4301 East-West Hwy,38.986472,-77.088947,"Bethesda-Chevy Chase High School, 4301 East-West Highway, Bethesda, MD 20814, United States of America",Bethesda-Chevy Chase High School,4301,East-West Highway,,20814,,Bethesda,Montgomery County,,Maryland,MD,United States,us,1,© OpenStreetMap contributors,Open Database License,https://www.openstreetmap.org/copyright
Bishop McNamara High School 6800 Marlboro Pike,38.8522475,-76.8885013,"Bishop McNamara High School, Marlboro Pike, Forestville, MD 20747, United States of America",Bishop McNamara High School,,Marlboro Pike,,20747,Berkshire,Forestville,Prince George's County,,Maryland,MD,United States,us,1,© OpenStreetMap contributors,Open Database License,https://www.openstreetmap.org/copyright
Bladensburg High School 4200 57th Ave,38.942662549999994,-76.91795359986081,"Bladensburg High School, 4200 57th Avenue, Bladensburg, MD 20710, United States of America",Bladensburg High School,4200,57th Avenue,,20710,,Bladensburg,Prince George's County,,Maryland,MD,United States,us,1,© OpenStreetMap contributors,Open Database License,https://www.openstreetmap.org/copyright
Bohemia Manor High School 2755 Augustine Herman Hwy,39.5112244,-75.8307712,"Bohemia Manor High School, Augustine Herman Highway, North Chesapeake City, MD 21915, United States of America",Bohemia Manor High School,,Augustine Herman Highway,,21915,,North Chesapeake City,Cecil County,,Maryland,MD,United States,us,1,© OpenStreetMap contributors,Open Database License,https://www.openstreetmap.org/copyright
Boonsboro High School 10 Campus Ave,39.51597,-77.651885,"Boonsboro High School, Boonsboro, MD, United States of America",Boonsboro High School,,,,,,Boonsboro,Washington County,,Maryland,MD,United States,us,1,© OpenStreetMap contributors,Open Database License,https://www.openstreetmap.org/copyright
Bowie High School 15200 Annapolis Rd,32.325303,-109.489834,"Bowie High School, Bowie, AZ, United States of America",Bowie High School,,,,,,Bowie,Cochise County,,Arizona,AZ,United States,us,1,© OpenStreetMap contributors,Open Database License,https://www.openstreetmap.org/copyright
Boys' Latin School of Maryland 822 W Lake Ave,39.372659,-76.636037,"822 W Lake Avenue, Baltimore, MD 21210, United States of America",,822,W Lake Avenue,,21210,,Baltimore,Baltimore County,,Maryland,MD,United States,us,0.9,© OpenAddresses contributors,BSD-3-Clause License,
Broadneck High School 1265 Green Holly Dr,39.03994495,-76.4534832848471,"Broadneck High School, 1265 Green Holly Drive, Cape Saint Claire, MD 21409, United States of America",Broadneck High School,1265,Green Holly Drive,,21409,Deer Creek,Cape Saint Claire,Anne Arundel County,,Maryland,MD,United States,us,1,© OpenStreetMap contributors,Open Database License,https://www.openstreetmap.org/copyright
Brookewood School 10401 Armory Ave,39.0264125,-77.0741699,"Brookewood School, 10401 Armory Avenue, Kensington, MD 20895, United States of America",Brookewood School,10401,Armory Avenue,,20895,,Kensington,Montgomery County,,Maryland,MD,United States,us,1,© OpenStreetMap contributors,Open Database License,https://www.openstreetmap.org/copyright
Brunswick High School 101 Cummings Dr,39.316537499999995,-77.6082940531787,"Brunswick High School, Cummings Drive, Brunswick, MD 21712, United States of America",Brunswick High School,,Cummings Drive,,21712,,Brunswick,Frederick County,,Maryland,MD,United States,us,1,© OpenStreetMap contributors,Open Database License,https://www.openstreetmap.org/copyright
Bryn Mawr School for Girls 109 W Melrose Ave,39.364526,-76.630222,"109 West Melrose Avenue, Baltimore, MD 21210, United States of America",,109,West Melrose Avenue,Poplar Hill,21210,,Baltimore,City of Baltimore,,Maryland,MD,United States,us,0.9,© OpenAddresses contributors,BSD-3-Clause License,
Bullis School 10601 Falls Rd,39.0292221,-77.19795683759372,"Bullis School, 10601 Falls Road, Potomac, MD 20854, United States of America",Bullis School,10601,Falls Road,,20854,Pine Knolls,Potomac,Montgomery County,,Maryland,MD,United States,us,1,© OpenStreetMap contributors,Open Database License,https://www.openstreetmap.org/copyright
C. Milton Wright High School 1301 N Fountain Green Rd,39.5617737,-76.3302369,"C Milton Wright High School, North Fountain Green Road, Southampton, MD 21015, United States of America",C Milton Wright High School,,North Fountain Green Road,,21015,Hampton Ridge,Southampton,Harford County,,Maryland,MD,United States,us,1,© OpenStreetMap contributors,Open Database License,https://www.openstreetmap.org/copyright
Calvert Hall College High School 8102 La Salle Rd,39.39165,-76.581182,"Calvert Hall College High School, Towson, MD, United States of America",,,Calvert Hall College High School,,,,Towson,Baltimore County,,Maryland,MD,United States,us,0.14285714285714285,© OpenStreetMap contributors,Open Database License,https://www.openstreetmap.org/copyright
Calvert High School 520 Fox Run Blvd,38.55296,-76.582884,"Calvert High School, 520 Fox Run Boulevard, Prince Frederick, MD 20678, United States of America",Calvert High School,520,Fox Run Boulevard,,20678,,Prince Frederick,Calvert County,,Maryland,MD,United States,us,1,© OpenStreetMap contributors,Open Database License,https://www.openstreetmap.org/copyright
Cambridge-South Dorchester High School 2475 Cambridge Bypass,38.543734,-76.090575,"Cambridge-South Dorchester High School, Cambridge, MD, United States of America",,,Cambridge-South Dorchester High School,,,,Cambridge,Dorchester County,,Maryland,MD,United States,us,0.1750329,© OpenStreetMap contributors,Open Database License,https://www.openstreetmap.org/copyright
Carver Center for Arts and Technology 938 York Rd,39.409661,-76.610974,"Carver Center for Arts and Technology, Towson, MD, United States of America",,,Carver Center for Arts and Technology,,,,Towson,Baltimore County,,Maryland,MD,United States,us,0,© OpenStreetMap contributors,Open Database License,https://www.openstreetmap.org/copyright
The Catholic High School of Baltimore 2800 Edison Hwy,39.3160492,-76.5737378424435,"The Catholic High School of Baltimore, Edison Highway, Baltimore, MD 21213, United States of America",The Catholic High School of Baltimore,,Edison Highway,Belair-Edison,21213,Four by Four,Baltimore,,,Maryland,MD,United States,us,1,© OpenStreetMap contributors,Open Database License,https://www.openstreetmap.org/copyright
Catoctin High School 14745 Sabillasville Rd,39.6392587,-77.40846711534401,"Catoctin High School, 14745 Sabillasville Road, Catoctin Heights, MD 21788, United States of America",Catoctin High School,14745,Sabillasville Road,,21788,,Catoctin Heights,Frederick County,,Maryland,MD,United States,us,1,© OpenStreetMap contributors,Open Database License,https://www.openstreetmap.org/copyright
Catonsville High School 421 Bloomsbury Ave,39.25947095,-76.73114169573279,"Catonsville High School, 421 Bloomsbury Avenue, Catonsville, MD 21228, United States of America",Catonsville High School,421,Bloomsbury Avenue,,21228,Bloomsbury,Catonsville,Baltimore County,,Maryland,MD,United States,us,1,© OpenStreetMap contributors,Open Database License,https://www.openstreetmap.org/copyright
Centennial High School 4300 Centennial Ln,39.25355915,-76.87024781355744,"Centennial High School, 4300 Centennial Lane, Ellicott City, MD 21042, United States of America",Centennial High School,4300,Centennial Lane,Gray Rock,21042,Pine Orchard,Ellicott City,Howard County,,Maryland,MD,United States,us,1,© OpenStreetMap contributors,Open Database License,https://www.openstreetmap.org/copyright
Central High School 200 Cabin Branch Rd,40.305789,-78.340265,"Central High School, North Woodbury, PA, United States of America",Central High School,,,,,North Woodbury Township,North Woodbury,Blair County,,Pennsylvania,PA,United States,us,1,© OpenStreetMap contributors,Open Database License,https://www.openstreetmap.org/copyright
Century High School 355 Ronsdale Rd,39.4250146,-76.99179622584745,"Century High School, Ronsdale Road, Linton Springs, MD 21784, United States of America",Century High School,,Ronsdale Road,,21784,,Linton Springs,Carroll County,,Maryland,MD,United States,us,1,© OpenStreetMap contributors,Open Database License,https://www.openstreetmap.org/copyright
Chapelgate Christian Academy 2600 Marriottsville Rd,39.299472,-76.903278,"Chapelgate Christian Academy, Ellicott City, MD, United States of America",,,Chapelgate Christian Academy,,,,Ellicott City,Howard County,,Maryland,MD,United States,us,0,© OpenStreetMap contributors,Open Database License,https://www.openstreetmap.org/copyright
Charles E. Smith Jewish Day School 1901 E Jefferson St,39.053962,-77.126672,"Charles E Smith Jewish Day School, North Bethesda, MD, United States of America",,,Charles E Smith Jewish Day School,,,,North Bethesda,Montgomery County,,Maryland,MD,United States,us,0,© OpenStreetMap contributors,Open Database License,https://www.openstreetmap.org/copyright
Charles Herbert Flowers High School 10001 Ardwick Ardmore Rd,38.93148565,-76.83507099953341,"Charles Herbert Flowers High School, 10001 Ardwick Ardmore Road, Springdale, MD 20774, United States of America",Charles Herbert Flowers High School,10001,Ardwick Ardmore Road,,20774,Springdale Gardens,Springdale,Prince George's County,,Maryland,MD,United States,us,1,© OpenStreetMap contributors,Open Database License,https://www.openstreetmap.org/copyright
Chesapeake High School 1801 Turkey Point Rd,39.2918248,-76.41952397255386,"Chesapeake High School, Tondo Road, Dundalk, MD 21221, United States of America",Chesapeake High School,,Tondo Road,,21221,Cape May Landing,Dundalk,Baltimore County,,Maryland,MD,United States,us,0.63,© OpenStreetMap contributors,Open Database License,https://www.openstreetmap.org/copyright
Chesapeake Math & IT Academy 6100 Frost Pl,39.089973,-76.902772,"6100 Frost Place, Laurel, MD 20707, United States of America",,6100,Frost Place,,20707,,Laurel,Prince George's County,,Maryland,MD,United States,us,0.9,© OpenAddresses contributors,BSD-3-Clause License,
Chesapeake Math & IT South 9825 Godwin Dr,38.742546,-77.505352,"9825 Godwin Drive, Manassas, VA 20110, United States of America",,9825,Godwin Drive,,20110,,Manassas,City of Manassas,,Virginia,VA,United States,us,0.9,© OpenAddresses contributors,BSD-3-Clause License,
Chesapeake Senior High School 4798 Mountain Rd,39.110814,-76.462184,"4798 Mountain Road, Pasadena, MD 21122, United States of America",,4798,Mountain Road,,21122,,Pasadena,Anne Arundel County,,Maryland,MD,United States,us,0.9,© OpenAddresses contributors,BSD-3-Clause License,
Chopticon High School 25390 Colton Point Rd,38.3599126,-76.70634228961057,"Chopticon High School, Colton Point Road, Morganza, MD 20660, United States of America",Chopticon High School,,Colton Point Road,,20660,,Morganza,Saint Mary's County,,Maryland,MD,United States,us,1,© OpenStreetMap contributors,Open Database License,https://www.openstreetmap.org/copyright
Clarksburg High School 22500 Wims Rd,35.871731,-88.390048,"Clarksburg High School, Clarksburg, TN, United States of America",Clarksburg High School,,,,,,Clarksburg,Carroll County,,Tennessee,TN,United States,us,0.63,© OpenStreetMap contributors,Open Database License,https://www.openstreetmap.org/copyright
College Park Academy 7501 Adelphi Rd,38.968209,-76.927482,"College Park Academy, 5751 Rivertech Court, Riverdale Park, MD 20737, United States of America",College Park Academy,5751,Rivertech Court,,20737,,Riverdale Park,Prince George's County,,Maryland,MD,United States,us,0,© OpenStreetMap contributors,Open Database License,https://www.openstreetmap.org/copyright
Colonel Richardson High School 25320 Richardson Rd,38.754806,-75.82834980015923,"Colonel Richardson High School, 25320 Richardson Road, Federalsburg, MD 21632, United States of America",Colonel Richardson High School,25320,Richardson Road,,21632,,Federalsburg,Caroline County,,Maryland,MD,United States,us,1,© OpenStreetMap contributors,Open Database License,https://www.openstreetmap.org/copyright
Colonel Zadok Magruder High School 5939 Muncaster Mill Rd,39.132385,-77.118428,"Colonel Zadok Magruder High School, Montgomery County, MD, United States of America",,,Colonel Zadok Magruder High School,,,,,Montgomery County,,Maryland,MD,United States,us,0.1,© OpenStreetMap contributors,Open Database License,https://www.openstreetmap.org/copyright
Connelly School of the Holy Child 9029 Bradley Blvd,39.00024695,-77.1873880298682,"Connelly School of the Holy Child, Bradley Boulevard, Potomac, MD 20818, United States of America",Connelly School of the Holy Child,,Bradley Boulevard,,20818,,Potomac,Montgomery County,,Maryland,MD,United States,us,1,© OpenStreetMap contributors,Open Database License,https://www.openstreetmap.org/copyright
Cristo Rey Jesuit High School 420 S Chester St,39.286044,-76.587442,"Cristo Rey Jesuit High School, Baltimore, MD, United States of America",Cristo Rey Jesuit High School,,,,,,Baltimore,City of Baltimore,,Maryland,MD,United States,us,1,© OpenStreetMap contributors,Open Database License,https://www.openstreetmap.org/copyright
Crossland High School 6901 Temple Hill Rd,38.794175,-76.929964,"Crossland High School, Camp Springs, MD, United States of America",Crossland High School,,,,,,Camp Springs,Prince George's County,,Maryland,MD,United States,us,1,© OpenStreetMap contributors,Open Database License,https://www.openstreetmap.org/copyright
Damascus High School 25921 Ridge Rd,33.261517,-93.002386,"Damascus High School, Columbia County, AR, United States of America",Damascus High School,,,,,,,Columbia County,,Arkansas,AR,United States,us,1,© OpenStreetMap contributors,Open Database License,https://www.openstreetmap.org/copyright
DeMatha Catholic High School 4313 Madison St,38.95798365,-76.94215148845149,"DeMatha Catholic High School, 4318 Madison Street, Hyattsville, MD 20781, United States of America",DeMatha Catholic High School,4318,Madison Street,,20781,Green Manor,Hyattsville,Prince George's County,,Maryland,MD,United States,us,0.7,© OpenStreetMap contributors,Open Database License,https://www.openstreetmap.org/copyright
Digital Harbor High School 1100 Covington St,39.275877,-76.607552,"Digital Harbor High School, Baltimore, MD, United States of America",,,Digital Harbor High School,,,,Baltimore,City of Baltimore,,Maryland,MD,United States,us,0,© OpenStreetMap contributors,Open Database License,https://www.openstreetmap.org/copyright
Don Bosco Cristo Rey High School 2801 O'Donnell St,39.27984,-76.576555,"2801 O'Donnell Street, Baltimore, MD 21224, United States of America",,2801,O'Donnell Street,,21224,,Baltimore,City of Baltimore,,Maryland,MD,United States,us,0.9,© OpenStreetMap contributors,Open Database License,https://www.openstreetmap.org/copyright
Dr. Henry A. Wise Jr. High School 12650 Brooke Ln,38.834118,-76.78962,"Dr Henry A Wise Junior High School, Westphalia, MD, United States of America",,,Dr Henry A Wise Junior High School,,,,Westphalia,Prince George's County,,Maryland,MD,United States,us,0,© OpenStreetMap contributors,Open Database License,https://www.openstreetmap.org/copyright
Dulaney High School 255 E Padonia Rd,39.460689349999996,-76.61258524064303,"Dulaney High School, 255 East Padonia Road, The Lakes, MD 21030, United States of America",Dulaney High School,255,East Padonia Road,,21030,Springlake,The Lakes,Baltimore County,,Maryland,MD,United States,us,1,© OpenStreetMap contributors,Open Database License,https://www.openstreetmap.org/copyright
Dundalk High School 1901 Delvale Ave,39.2667402,-76.51605968577391,"Dundalk High School, 1901 Delvale Avenue, Dundalk, MD 21222, United States of America",Dundalk High School,1901,Delvale Avenue,,21222,Norwood Park,Dundalk,Baltimore County,,Maryland,MD,United States,us,1,© OpenStreetMap contributors,Open Database License,https://www.openstreetmap.org/copyright
DuVal High School 9880 Good Luck Rd,38.98944255,-76.83832680281034,"DuVal High School, 9880 Good Luck Road, Lanham, MD 20706, United States of America",DuVal High School,9880,Good Luck Road,,20706,,Lanham,Prince George's County,,Maryland,MD,United States,us,1,© OpenStreetMap contributors,Open Database License,https://www.openstreetmap.org/copyright
Eastern Technical High School 1100 Mace Ave,39.325282,-76.47328,"Eastern Technical High School, Essex, MD, United States of America",,,Eastern Technical High School,,,,Essex,Baltimore County,,Maryland,MD,United States,us,0,© OpenStreetMap contributors,Open Database License,https://www.openstreetmap.org/copyright
Easton High School 723 Mecklenburg Ave,46.642265,-67.903636,"Easton High School, Easton, ME, United States of America",Easton High School,,,,,Easton,Easton,Aroostook County,,Maine,ME,United States,us,1,© OpenStreetMap contributors,Open Database License,https://www.openstreetmap.org/copyright
Edgewood High School 2415 Willoughby Beach Rd,39.422211,-76.28616,"Edgewood High School, Edgewood, MD, United States of America",Edgewood High School,,,,,,Edgewood,Harford County,,Maryland,MD,United States,us,1,© OpenStreetMap contributors,Open Database License,https://www.openstreetmap.org/copyright
Eleanor Roosevelt High School 7601 Hanover Pkwy,38.9946354,-76.86955189443488,"Eleanor Roosevelt High School, 7601 Hanover Parkway, Greenbelt, MD 20770, United States of America",Eleanor Roosevelt High School,7601,Hanover Parkway,,20770,,Greenbelt,Prince George's County,,Maryland,MD,United States,us,1,© OpenStreetMap contributors,Open Database License,https://www.openstreetmap.org/copyright
Elizabeth Seton High School 5715 Emerson St,38.945944,-76.913863,"Elizabeth Seton High School, Bladensburg, MD, United States of America",Elizabeth Seton High School,,,,,,Bladensburg,Prince George's County,,Maryland,MD,United States,us,1,© OpenStreetMap contributors,Open Database License,https://www.openstreetmap.org/copyright
Elkton High School 110 James St,39.62272265,-75.83538855629368,"Elkton High School, 110 James Street, Elkton, MD 21921, United States of America",Elkton High School,110,James Street,,21921,,Elkton,Cecil County,,Maryland,MD,United States,us,1,© OpenStreetMap contributors,Open Database License,https://www.openstreetmap.org/copyright
Fairmont Heights High School 6501 Columbia Park Rd,38.90428,-76.91664,"Fairmont Heights High School, Fairmount Heights, MD, United States of America",Fairmont Heights High School,,,,,,Fairmount Heights,Prince George's County,,Maryland,MD,United States,us,1,,CC BY 4.0,https://www.geonames.org/datasources/
Fallston High School 2301 Carrs Mill Rd,39.5220529,-76.4131135,"Fallston High School, 2301 Carrs Mill Road, Fallston, MD 21047, United States of America",Fallston High School,2301,Carrs Mill Road,,21047,White House Park,Fallston,Harford County,,Maryland,MD,United States,us,1,© OpenStreetMap contributors,Open Database License,https://www.openstreetmap.org/copyright
Forestville High School 7001 Beltz Dr,38.836757,-76.885987,"7001 Beltz Drive, District Heights, MD 20747, United States of America",,7001,Beltz Drive,,20747,,District Heights,Prince George's County,,Maryland,MD,United States,us,0.9,© OpenAddresses contributors,BSD-3-Clause License,
Francis Scott Key High School 3825 Bark Hill Rd,39.59121595,-77.13436591965552,"Francis Scott Key High School, 3825 Bark Hill Road, Union Bridge, MD 21791, United States of America",Francis Scott Key High School,3825,Bark Hill Road,,21791,West View Terrace,Union Bridge,Carroll County,,Maryland,MD,United States,us,1,© OpenStreetMap contributors,Open Database License,https://www.openstreetmap.org/copyright
Franklin High School 12000 Reisterstown Rd,38.392966,-121.43023,"Franklin High School, Elk Grove, CA, United States of America",Franklin High School,,,,,,Elk Grove,Sacramento County,,California,CA,United States,us,1,© OpenStreetMap contributors,Open Database License,https://www.openstreetmap.org/copyright
Frederick Douglass High School 2301 Gwynns Falls Pkwy,39.315399,-76.654035,"Frederick Douglass High School, Gwynns Falls Parkway, Baltimore, MD 21216, United States of America",Frederick Douglass High School,,Gwynns Falls Parkway,Mondawmin,21216,,Baltimore,,,Maryland,MD,United States,us,1,© OpenStreetMap contributors,Open Database License,https://www.openstreetmap.org/copyright
Frederick High School 650 Carroll Pkwy,39.4166901,-77.4279215,"Frederick High School, 650 Carroll Parkway, Frederick, MD 21701, United States of America",Frederick High School,650,Carroll Parkway,,21701,,Frederick,Frederick County,,Maryland,MD,United States,us,1,© OpenStreetMap contributors,Open Database License,https://www.openstreetmap.org/copyright
French International School 1362 H St NW,39.01355,-77.11357,"French International School, Bethesda, MD, United States of America",French International School,,,,,,Bethesda,Montgomery County,,Maryland,MD,United States,us,1,,CC BY 4.0,https://www.geonames.org/datasources/
Friendly High School 10000 Allentown Rd,38.752009,-76.968688,"Friendly High School, Friendly, MD, United States of America",,,Friendly High School,,,,Friendly,Prince George's County,,Maryland,MD,United States,us,0,© OpenStreetMap contributors,Open Database License,https://www.openstreetmap.org/copyright
Friends School of Baltimore 5114 N Charles St,39.356311,-76.627708,"5114 North Charles Street, Baltimore, MD 21210, United States of America",,5114,North Charles Street,,21210,,Baltimore,City of Baltimore,,Maryland,MD,United States,us,0.9,© OpenAddresses contributors,BSD-3-Clause License,
From the Heart Christian School 4949 Allentown Rd,38.830347,-76.950513,"From the Heart Christian School, Marlow Heights, MD, United States of America",From the Heart Christian School,,,,,,Marlow Heights,Prince George's County,,Maryland,MD,United States,us,1,© OpenStreetMap contributors,Open Database License,https://www.openstreetmap.org/copyright
Gaithersburg High School 101 Education Blvd,39.135581,-77.195643,"Gaithersburg High School, Gaithersburg, MD, United States of America",,,Gaithersburg High School,,,,Gaithersburg,Montgomery County,,Maryland,MD,United States,us,0,© OpenStreetMap contributors,Open Database License,https://www.openstreetmap.org/copyright
Garrison Forest School 300 Garrison Forest Rd,39.40873,-76.76234,"300 Garrison Forest Road, Owings Mills, MD 21117, United States of America",,300,Garrison Forest Road,,21117,,Owings Mills,Baltimore County,,Maryland,MD,United States,us,0.9,© OpenAddresses contributors,BSD-3-Clause License,
Georgetown Preparatory School 10900 Rockville Pike,39.0335609,-77.10955558131681,"Georgetown Preparatory School, 10900 Rockville Pike, North Bethesda, MD 20852, United States of America",Georgetown Preparatory School,10900,Rockville Pike,,20852,,North Bethesda,Montgomery County,,Maryland,MD,United States,us,1,© OpenStreetMap contributors,Open Database License,https://www.openstreetmap.org/copyright
Gerstell Academy 2500 Old Westminster Pike,39.512438,-76.901866,"Gerstell Academy, Carroll County, MD, United States of America",,,Gerstell Academy,,,,,Carroll County,,Maryland,MD,United States,us,0,© OpenStreetMap contributors,Open Database License,https://www.openstreetmap.org/copyright
Gilman School 5407 Roland Ave,39.35943385,-76.63203009331511,"Gilman Country School, Roland Avenue, Baltimore, MD 21210, United States of America",Gilman Country School,,Roland Avenue,Greater Roland Park,21210,Wyndhurst,Baltimore,,,Maryland,MD,United States,us,0.9,© OpenStreetMap contributors,Open Database License,https://www.openstreetmap.org/copyright
Glen Burnie High School 7550 Baltimore Annapolis Blvd,39.160286049999996,-76.61738805111806,"Glen Burnie High School, Baltimore Annapolis Boulevard, Glen Burnie, MD 21060, United States of America",Glen Burnie High School,,Baltimore Annapolis Boulevard,,21060,Glen Gardens,Glen Burnie,Anne Arundel County,,Maryland,MD,United States,us,1,© OpenStreetMap contributors,Open Database License,https://www.openstreetmap.org/copyright
Glenelg Country School 12793 Folly Quarter Rd,39.252277,-76.959274,"Glenelg Country School, Howard County, MD, United States of America",,,Glenelg Country School,,,,,Howard County,,Maryland,MD,United States,us,0,© OpenStreetMap contributors,Open Database License,https://www.openstreetmap.org/copyright
Glenelg High School 14025 Burntwoods Rd,39.2753995,-77.00206396896996,"Glenelg High School, 14025 Burntwoods Road, Howard County, MD 21737, United States of America",Glenelg High School,14025,Burntwoods Road,,21737,,,Howard County,,Maryland,MD,United States,us,1,© OpenStreetMap contributors,Open Database License,https://www.openstreetmap.org/copyright
Governor Thomas Johnson High School 1501 N Market St,39.434386,-77.406965,"Governor Thomas Johnson High School, Frederick, MD, United States of America",,,Governor Thomas Johnson High School,,,,Frederick,Frederick County,,Maryland,MD,United States,us,0,© OpenStreetMap contributors,Open Database License,https://www.openstreetmap.org/copyright
Grace Brethren Christian School 6501 Surratts Rd,38.75536,-76.89401,"Grace Brethren Christian School, 6501 Surratts Road, Clinton, MD 20735, United States of America",Grace Brethren Christian School,6501,Surratts Road,,20735,,Clinton,Prince George's County,,Maryland,MD,United States,us,1,© OpenStreetMap contributors,Open Database License,https://www.openstreetmap.org/copyright
Great Mills High School 21130 Great Mills Rd,38.247448500000004,-76.48749495220747,"Great Mills High School, 21130 Great Mills Road, Lexington Park, MD 20653, United States of America",Great Mills High School,21130,Great Mills Road,,20653,,Lexington Park,Saint Mary's County,,Maryland,MD,United States,us,1,© OpenStreetMap contributors,Open Database License,https://www.openstreetmap.org/copyright
Gwynn Park High School 13800 Brandywine Rd,38.7019569,-76.8704014,"Gwynn Park High School, Brandywine Road, TB, MD 20613, United States of America",Gwynn Park High School,,Brandywine Road,,20613,,TB,Prince George's County,,Maryland,MD,United States,us,1,© OpenStreetMap contributors,Open Database License,https://www.openstreetmap.org/copyright
Hammond High School 8800 Guilford Rd,30.517251,-90.379749,"Hammond High School, Tangipahoa Parish, LA, United States of America",Hammond High School,,,,,,,Tangipahoa Parish,,Louisiana,LA,United States,us,1,© OpenStreetMap contributors,Open Database License,https://www.openstreetmap.org/copyright
Harford Technical High School 200 Thomas Run Rd,39.559082000000004,-76.2877016109255,"Harford Technical High School, Thomas Run Road, Oak Dale, MD 21015, United States of America",Harford Technical High School,,Thomas Run Road,,21015,,Oak Dale,Harford County,,Maryland,MD,United States,us,1,© OpenStreetMap contributors,Open Database License,https://www.openstreetmap.org/copyright
Havre de Grace High School 700 Congress Ave,39.54793975,-76.09605598859054,"Havre de Grace High School, 700 Congress Avenue, Havre de Grace, MD 21078, United States of America",Havre de Grace High School,700,Congress Avenue,,21078,,Havre de Grace,Harford County,,Maryland,MD,United States,us,1,© OpenStreetMap contributors,Open Database License,https://www.openstreetmap.org/copyright
Heights School 10400 Seven Locks Rd,44.651225,-72.161077,"Heights School, Sheffield, VT, United States of America",Heights School,,,,,Sheffield,Sheffield,Caledonia County,,Vermont,VT,United States,us,1,© OpenStreetMap contributors,Open Database License,https://www.openstreetmap.org/copyright
Henry E. Lackey High School 3000 Chicamuxen Rd,38.5795636,-77.1280337,"Henry E. Lackey High School, Chicamuxen Road, Marbury, MD 20640, United States of America",Henry E. Lackey High School,,Chicamuxen Road,,20640,,Marbury,Charles County,,Maryland,MD,United States,us,1,© OpenStreetMap contributors,Open Database License,https://www.openstreetmap.org/copyright
Hereford High School 17301 York Rd,39.59912935,-76.65960247139566,"Hereford High School, 17301 York Road, Parkton, MD 21120, United States of America",Hereford High School,17301,York Road,,21120,,Parkton,Baltimore County,,Maryland,MD,United States,us,1,© OpenStreetMap contributors,Open Database License,https://www.openstreetmap.org/copyright
High Point High School 3601 Powder Mill Rd,39.0426254,-76.9434107,"High Point High School, Powder Mill Road, Beltsville, MD 20993, United States of America",High Point High School,,Powder Mill Road,,20993,,Beltsville,Prince George's County,,Maryland,MD,United States,us,1,© OpenStreetMap contributors,Open Database License,https://www.openstreetmap.org/copyright
Holton-Arms School 7303 River Rd,37.01169,-76.451174,"7303 River Road, Newport News, VA 23607, United States of America",,7303,River Road,,23607,,Newport News,City of Newport News,,Virginia,VA,United States,us,0.9,© OpenAddresses contributors,BSD-3-Clause License,
Howard High School 8700 Old Annapolis Rd,39.22641325,-76.81244540607938,"Howard High School, 8700 Old Annapolis Road, Ellicott City, MD 21043, United States of America",Howard High School,8700,Old Annapolis Road,,21043,Phelps Luck,Ellicott City,Howard County,,Maryland,MD,United States,us,1,© OpenStreetMap contributors,Open Database License,https://www.openstreetmap.org/copyright
Huntingtown High School 4125 N Solomons Island Rd,38.61928855,-76.60886545055428,"Huntingtown High School, 4125 North Solomons Island Road, Sandy Bottom, MD 20678, United States of America",Huntingtown High School,4125,North Solomons Island Road,,20678,,Sandy Bottom,Calvert County,,Maryland,MD,United States,us,1,© OpenStreetMap contributors,Open Database License,https://www.openstreetmap.org/copyright
Indian Creek School 1130 Anne Chambers Way,38.357822,-91.792668,"Indian Creek School, Jefferson, MO, United States of America",Indian Creek School,,,,,Jefferson Township,Jefferson,Osage County,,Missouri,MO,United States,us,1,© OpenStreetMap contributors,Open Database License,https://www.openstreetmap.org/copyright
Institute of Notre Dame 901 Aisquith St,39.300709049999995,-76.60151142433479,"Institute of Notre Dame, 901 Aisquith Street, Baltimore, MD 21202, United States of America",Institute of Notre Dame,901,Aisquith Street,,21202,Old Town,Baltimore,,,Maryland,MD,United States,us,1,© OpenStreetMap contributors,Open Database License,https://www.openstreetmap.org/copyright
International High School at Largo 505 Largo Rd,38.885198,-76.821597,"505 Largo Road, Upper Marlboro, MD 20774, United States of America",,505,Largo Road,,20774,,Upper Marlboro,Prince George's County,,Maryland,MD,United States,us,0.9,© OpenAddresses contributors,BSD-3-Clause License,
International High School at Langley Park 6850 Baltimore Ave,39.9413727,-75.2547114,"6850 Baltimore Avenue, Yeadon, PA, United States of America",,6850,Baltimore Avenue,University City,,Yeadon,Yeadon,Delaware County,,Pennsylvania,PA,United States,us,0.9,,,
James Hubert Blake High School 300 Norwood Rd,39.113457,-77.01744,"James Hubert Blake High School, Norwood Estates, MD 20905, United States of America",James Hubert Blake High School,,,,20905,Norwood Estates,,Montgomery County,,Maryland,MD,United States,us,1,© OpenStreetMap contributors,Open Database License,https://www.openstreetmap.org/copyright
James M Bennett High School 300 E College Ave,38.345347,-75.590781,"James M. Bennett High School, Salisbury, MD, United States of America",,,James M. Bennett High School,,,,Salisbury,Wicomico County,,Maryland,MD,United States,us,0,© OpenStreetMap contributors,Open Database License,https://www.openstreetmap.org/copyright
John Carroll School 703 Churchville Rd,35.50317,-97.53041,"Bishop John Carroll School, Oklahoma City, OK, United States of America",Bishop John Carroll School,,,,,,Oklahoma City,Oklahoma County,,Oklahoma,OK,United States,us,0.9,,CC BY 4.0,https://www.geonames.org/datasources/
John F. Kennedy High School 1901 Randolph Rd,39.06567965,-77.03917247993337,"John F. Kennedy High School, 1901 Randolph Road, Silver Spring, MD 20902, United States of America",John F. Kennedy High School,1901,Randolph Road,,20902,Glenallen,Silver Spring,Montgomery County,,Maryland,MD,United States,us,1,© OpenStreetMap contributors,Open Database License,https://www.openstreetmap.org/copyright
Joppatowne High School 555 Joppa Farm Rd,39.4143859,-76.35146348979733,"Joppatowne High School, 555 Joppa Farm Road, Joppatowne, MD 21085, United States of America",Joppatowne High School,555,Joppa Farm Road,,21085,,Joppatowne,Harford County,,Maryland,MD,United States,us,1,© OpenStreetMap contributors,Open Database License,https://www.openstreetmap.org/copyright
Kent County High School 25301 Lambs Meadow Rd,39.2853875,-76.0921702,"Kent County High School, Lambs Meadow Road, Still Pond, MD 21667, United States of America",Kent County High School,,Lambs Meadow Road,,21667,,Still Pond,Kent County,,Maryland,MD,United States,us,1,© OpenStreetMap contributors,Open Database License,https://www.openstreetmap.org/copyright
Kent Island High School 900 Love Point Rd,38.99062,-76.31185,"Kent Island High School, Queen Anne's County, MD, United States of America",Kent Island High School,,,,,,,Queen Anne's County,,Maryland,MD,United States,us,1,,CC BY 4.0,https://www.geonames.org/datasources/
Kenwood High School 501 Stemmers Run Rd,36.584186,-87.380386,"Kenwood High School, 251 East Pine Mountain Road, Clarksville, TN 37042, United States of America",Kenwood High School,251,East Pine Mountain Road,,37042,,Clarksville,Montgomery County,,Tennessee,TN,United States,us,0.15434999999999996,© OpenStreetMap contributors,Open Database License,https://www.openstreetmap.org/copyright
Key School 534 Hillsmere Dr,33.732607,-84.38826,"Key School, Atlanta, GA, United States of America",Key School,,,,,,Atlanta,Fulton County,,Georgia,GA,United States,us,1,© OpenStreetMap contributors,Open Database License,https://www.openstreetmap.org/copyright
La Plata High School 6035 Radio Station Rd,38.546232,-76.950251,"La Plata High School, La Plata, MD, United States of America",La Plata High School,,,,,,La Plata,Charles County,,Maryland,MD,United States,us,1,© OpenStreetMap contributors,Open Database License,https://www.openstreetmap.org/copyright
Landon School 6101 Wilson Ln,38.9912804,-77.12601463806809,"Landon School, 6101 Wilson Lane, Bethesda, MD 20817, United States of America",Landon School,6101,Wilson Lane,,20817,Bradley Woods,Bethesda,Montgomery County,,Maryland,MD,United States,us,1,© OpenStreetMap contributors,Open Database License,https://www.openstreetmap.org/copyright
Lanham Christian School 8400 Good Luck Rd,38.9791085,-76.8624129,"Lanham Christian School, Good Luck Road, Seabrook, MD 20706, United States of America",Lanham Christian School,,Good Luck Road,,20706,,Seabrook,Prince George's County,,Maryland,MD,United States,us,1,© OpenStreetMap contributors,Open Database License,https://www.openstreetmap.org/copyright
Lansdowne High School 3800 Hollins Ferry Rd,39.245766,-76.651699,"Lansdowne High School, Lansdowne, MD, United States of America",,,Lansdowne High School,,,,Lansdowne,Baltimore County,,Maryland,MD,United States,us,0,© OpenStreetMap contributors,Open Database License,https://www.openstreetmap.org/copyright
Largo High School 505 Largo Rd,38.886667,-76.819953,"Largo High School, Largo, MD, United States of America",Largo High School,,,,,,Largo,Prince George's County,,Maryland,MD,United States,us,0.9,© OpenStreetMap contributors,Open Database License,https://www.openstreetmap.org/copyright
Laurel High School 8000 Cherry Ln,39.0942753,-76.8674733,"Laurel High School, 8000 Cherry Lane, Laurel, MD 20707, United States of America",Laurel High School,8000,Cherry Lane,,20707,,Laurel,Prince George's County,,Maryland,MD,United States,us,1,© OpenStreetMap contributors,Open Database License,https://www.openstreetmap.org/copyright
Leonardtown High School 23995 Point Lookout Rd,38.270127,-76.611349,"Leonardtown High School, St. Mary's County, MD, United States of America",Leonardtown High School,,,,,,,St. Mary's County,,Maryland,MD,United States,us,1,© OpenStreetMap contributors,Open Database License,https://www.openstreetmap.org/copyright
Liberty High School 5855 Bartholow Rd,39.41325325,-76.95270433388538,"Liberty High School, Bartholow Road, Eldersburg, MD 21784, United States of America",Liberty High School,,Bartholow Road,,21784,,Eldersburg,Carroll County,,Maryland,MD,United States,us,1,© OpenStreetMap contributors,Open Database License,https://www.openstreetmap.org/copyright
Linganore High School 12013 Old Annapolis Rd,39.4328802,-77.2474826,"Linganore High School, 12013 Old Annapolis Road, McPherson, MD 21701, United States of America",Linganore High School,12013,Old Annapolis Road,,21701,,McPherson,Frederick County,,Maryland,MD,United States,us,1,© OpenStreetMap contributors,Open Database License,https://www.openstreetmap.org/copyright
Loch Raven High School 1212 Cowpens Ave,39.405701,-76.562462,"Loch Raven High School, Hampton, MD, United States of America",,,Loch Raven High School,Harford,,,Hampton,Baltimore County,,Maryland,MD,United States,us,0,© OpenStreetMap contributors,Open Database License,https://www.openstreetmap.org/copyright
Long Reach High School 6101 Old Dobbin Ln,39.206077050000005,-76.81118978107949,"Long Reach High School, 6101 Old Dobbin Lane, Columbia, MD 21045, United States of America",Long Reach High School,6101,Old Dobbin Lane,Long Reach,21045,,Columbia,Howard County,,Maryland,MD,United States,us,1,© OpenStreetMap contributors,Open Database License,https://www.openstreetmap.org/copyright
Loyola Blakefield High School 500 Chestnut Ave,39.402693,-76.627342,"500 Chestnut Avenue, Towson, MD 21204, United States of America",,500,Chestnut Avenue,,21204,,Towson,Baltimore County,,Maryland,MD,United States,us,0.9,© OpenAddresses contributors,BSD-3-Clause License,
Manchester Valley High School 3300 Maple Grove Rd,39.654025950000005,-76.87885132074166,"Manchester Valley High School, 3300 Maple Grove Road, Treelin Manor, MD 21074, United States of America",Manchester Valley High School,3300,Maple Grove Road,,21074,Country Life Estates,Treelin Manor,Carroll County,,Maryland,MD,United States,us,1,© OpenStreetMap contributors,Open Database License,https://www.openstreetmap.org/copyright
Mardela High School 24940 Delmar Rd,38.465661,-75.74752,"24940 Delmar Road, Mardela Springs, MD 21837, United States of America",,24940,Delmar Road,,21837,,Mardela Springs,Wicomico County,,Maryland,MD,United States,us,0.9,© OpenAddresses contributors,BSD-3-Clause License,
Marriotts Ridge High School 12100 Woodford Dr,39.323017,-76.935274,"Marriotts Ridge High School, Howard County, MD, United States of America",,,Marriotts Ridge High School,,,,,Howard County,,Maryland,MD,United States,us,0,© OpenStreetMap contributors,Open Database License,https://www.openstreetmap.org/copyright
Maryland Unknown Unfortunately,38.717959,-90.502322,"Maryland Heights, MO, United States of America",,,,,,Maryland Heights Township,Maryland Heights,St. Louis County,0.63,Missouri,MO,United States,us,0.63,,,https://www.whosonfirst.org/docs/licenses/
Maryvale Preparatory School 11300 Falls Rd,39.430018,-76.685633,"11300 Falls Road, Lutherville, MD 21093, United States of America",,11300,Falls Road,Dixon Hill,21093,,Lutherville,Baltimore County,,Maryland,MD,United States,us,0.9,© OpenAddresses contributors,BSD-3-Clause License,
Maurice J McDonough High School 7165 Marshall Corner Rd,38.55496,-77.034091,"7165 Marshall Corner Road, Pomfret, MD 20675, United States of America",,7165,Marshall Corner Road,,20675,,Pomfret,Charles County,,Maryland,MD,United States,us,0.9,© OpenAddresses contributors,BSD-3-Clause License,
McDonogh School 8600 McDonogh Rd,39.39829565,-76.77240368420726,"McDonogh School, 8600 McDonogh Road, Owings Mills, MD 21117, United States of America",McDonogh School,8600,McDonogh Road,,21117,,Owings Mills,Baltimore County,,Maryland,MD,United States,us,1,© OpenStreetMap contributors,Open Database License,https://www.openstreetmap.org/copyright
McLean School 8224 Lochinver Ln,39.038803,-77.16794255768815,"McLean School of Maryland, Lochinver Lane, Potomac, MD 20854, United States of America",McLean School of Maryland,,Lochinver Lane,,20854,Fox Hills,Potomac,Montgomery County,,Maryland,MD,United States,us,0.81,© OpenStreetMap contributors,Open Database License,https://www.openstreetmap.org/copyright
Meade Senior High School 1100 Clark Rd,39.122124,-76.738454,"Meade Senior High School, Fort Meade, MD, United States of America",,,Meade Senior High School,,,,Fort Meade,Anne Arundel County,,Maryland,MD,United States,us,0,© OpenStreetMap contributors,Open Database License,https://www.openstreetmap.org/copyright
Melvin J. Berman Hebrew Academy 13300 Arctic Ave,39.073863349999996,-77.100922575,"Melvin J. Berman Hebrew Academy, 13300 Arctic Avenue, Rockville, MD 20853, United States of America",Melvin J. Berman Hebrew Academy,13300,Arctic Avenue,,20853,Sycamore Creek,Rockville,Montgomery County,,Maryland,MD,United States,us,1,© OpenStreetMap contributors,Open Database License,https://www.openstreetmap.org/copyright
Mercy High School 1300 E Northern Pkwy,40.174044,-122.230552,"Mercy High School, Red Bluff, CA, United States of America",Mercy High School,,,,,,Red Bluff,Tehama County,,California,CA,United States,us,1,© OpenStreetMap contributors,Open Database License,https://www.openstreetmap.org/copyright
Mergenthaler Vocational-Technical High School 3500 Hillen Rd,39.332258550000006,-76.591075,"Mergenthaler Vocational-Technical High School, 3500 Hillen Road, Baltimore, MD 21218, United States of America",Mergenthaler Vocational-Technical High School,3500,Hillen Road,Northwood,21218,Ednor Gardens-Lakeside,Baltimore,,,Maryland,MD,United States,us,1,© OpenStreetMap contributors,Open Database License,https://www.openstreetmap.org/copyright
Middletown High School 200 Schoolhouse Dr,39.4464902,-77.5341543,"Middletown High School, Schoolhouse Drive, Middletown, MD 21769, United States of America",Middletown High School,,Schoolhouse Drive,,21769,,Middletown,Frederick County,,Maryland,MD,United States,us,1,© OpenStreetMap contributors,Open Database License,https://www.openstreetmap.org/copyright
Milford Mill Academy 3800 Washington Ave,39.35566255,-76.7500186346719,"Milford Mill Academy, Washington Avenue, Milford Mill, MD 21244, United States of America",Milford Mill Academy,,Washington Avenue,,21244,,Milford Mill,Baltimore County,,Maryland,MD,United States,us,1,© OpenStreetMap contributors,Open Database License,https://www.openstreetmap.org/copyright
Montgomery Blair High School 51 University Blvd E,39.018274,-77.011607,"Montgomery Blair High School, 51 University Boulevard East, Silver Spring, MD 20901, United States of America",Montgomery Blair High School,51,University Boulevard East,,20901,,Silver Spring,Montgomery County,,Maryland,MD,United States,us,1,© OpenStreetMap contributors,Open Database License,https://www.openstreetmap.org/copyright
Mount de Sales Academy 700 Academy Rd,32.834306,-83.639903,"Mount De Sales Academy, Macon, GA, United States of America",Mount De Sales Academy,,,,,,Macon,Bibb County,,Georgia,GA,United States,us,1,© OpenStreetMap contributors,Open Database License,https://www.openstreetmap.org/copyright
Mount Hebron High School 9440 Old Frederick Rd,39.2992019,-76.83960840595773,"Mount Hebron High School, 9440 Old Frederick Road, Ellicott City, MD 21042, United States of America",Mount Hebron High School,9440,Old Frederick Road,,21042,Mount Hebron,Ellicott City,Howard County,,Maryland,MD,United States,us,1,© OpenStreetMap contributors,Open Database License,https://www.openstreetmap.org/copyright
Mount Saint Joseph High School 4403 Frederick Ave,39.279774,-76.685566,"Yale Avenue & Mount Saint Joseph High School Mid Southbound, Baltimore, MD, United States of America",Yale Avenue & Mount Saint Joseph High School Mid Southbound,,,,,,Baltimore,City of Baltimore,,Maryland,MD,United States,us,0.5904900000000001,© OpenStreetMap contributors,Open Database License,https://www.openstreetmap.org/copyright
Mountain Ridge High School 100 Dr Nancy S Grasmick Ln,39.650391,-78.913282,"Mountain Ridge High School, 100 Doctor Nancy S. Grasmick Lane, Frostburg, MD 21532, United States of America",Mountain Ridge High School,100,Doctor Nancy S. Grasmick Lane,,21532,,Frostburg,Allegany County,,Maryland,MD,United States,us,1,© OpenStreetMap contributors,Open Database License,https://www.openstreetmap.org/copyright
New Town High School 4931 New Town Blvd,47.98148,-102.48799,"New Town High School, New Town, ND, United States of America",New Town High School,,,,,New Town,New Town,Mountrail County,,North Dakota,ND,United States,us,0.9,,CC BY 4.0,https://www.geonames.org/datasources/
North Caroline High School 10990 River Rd,38.90965,-75.841245,"North Caroline High School, 10990 River Road, Ridgely, MD 21660, United States of America",North Caroline High School,10990,River Road,,21660,,Ridgely,Caroline County,,Maryland,MD,United States,us,1,© OpenStreetMap contributors,Open Database License,https://www.openstreetmap.org/copyright
North Carroll High School 1400 Panther Dr,39.609988,-76.861121,"1400 Panther Drive, Hampstead, MD 21074, United States of America",,1400,Panther Drive,,21074,,Hampstead,Carroll County,,Maryland,MD,United States,us,0.9,© OpenAddresses contributors,BSD-3-Clause License,
North County High School 10 E 1st Ave,39.192842,-76.637055,"North County High School, Ferndale, MD, United States of America",,,North County High School,,,,Ferndale,Anne Arundel County,,Maryland,MD,United States,us,0,© OpenStreetMap contributors,Open Database License,https://www.openstreetmap.org/copyright
North Dorchester High School 5875 Cloverdale Rd,38.5875635,-75.87314445608081,"North Dorchester High School, Cloverdale Road, Shiloh Church, MD 21643, United States of America",North Dorchester High School,,Cloverdale Road,,21643,Shiloh Manor,Shiloh Church,Dorchester County,,Maryland,MD,United States,us,1,© OpenStreetMap contributors,Open Database License,https://www.openstreetmap.org/copyright
North East High School 300 Irishtown Rd,39.5853913,-75.9332767,"North East High School, Irishtown Road, North East, MD 21901, United States of America",North East High School,,Irishtown Road,,21901,,North East,Cecil County,,Maryland,MD,United States,us,1,© OpenStreetMap contributors,Open Database License,https://www.openstreetmap.org/copyright
North Hagerstown High School 12010 Professional Blvd,39.661972,-77.714199,"North Hagerstown High School, 1200 Pennsylvania Avenue, Hagerstown, MD 21742, United States of America",North Hagerstown High School,1200,Pennsylvania Avenue,,21742,,Hagerstown,Washington County,,Maryland,MD,United States,us,0,© OpenStreetMap contributors,Open Database License,https://www.openstreetmap.org/copyright
North Harford High School 211 Pylesville Rd,39.6741921,-76.4008377226371,"North Harford High School, Pylesville Road, Bushs Corner, MD 21132, United States of America",North Harford High School,,Pylesville Road,,21132,,Bushs Corner,Harford County,,Maryland,MD,United States,us,1,© OpenStreetMap contributors,Open Database License,https://www.openstreetmap.org/copyright
North Point High School: 2500 Davis Road,38.640205699999996,-76.9758433608167,"North Point High School, 2500 Davis Road, Waldorf, MD 20603, United States of America",North Point High School,2500,Davis Road,,20603,,Waldorf,Charles County,,Maryland,MD,United States,us,1,© OpenStreetMap contributors,Open Database License,https://www.openstreetmap.org/copyright
Northeast Senior High School: 1121 Duvall Highway,36.15847,-79.67253,"Northeast Senior High School, Guilford County, NC, United States of America",Northeast Senior High School,,,,,,,Guilford County,,North Carolina,NC,United States,us,1,,CC BY 4.0,https://www.geonames.org/datasources/
Northern Garrett County High School: 86 Pride Parkway,39.664253,-79.299,"86 Pride Parkway, Accident, MD 21520, United States of America",,86,Pride Parkway,,21520,,Accident,Garrett County,,Maryland,MD,United States,us,0.9,© OpenAddresses contributors,BSD-3-Clause License,
Northern High School: 2950 Chaneyville Road,38.6855138,-76.650919,"Northern High School, Chaneyville Road, Chaneyville, MD 20736, United States of America",Northern High School,,Chaneyville Road,,20736,,Chaneyville,Calvert County,,Maryland,MD,United States,us,1,© OpenStreetMap contributors,Open Database License,https://www.openstreetmap.org/copyright
Northwest High School: 13501 Richter Farm Road,39.151084499999996,-77.27966016161383,"Northwest High School, 13501 Richter Farm Road, Germantown, MD 20874, United States of America",Northwest High School,13501,Richter Farm Road,,20874,Clopper's Mill West,Germantown,Montgomery County,,Maryland,MD,United States,us,1,© OpenStreetMap contributors,Open Database License,https://www.openstreetmap.org/copyright
Northwestern High School: 7000 Adelphi Road,38.974992400000005,-76.95502815379783,"Northwestern High School, 7000 Adelphi Road, Hyattsville, MD 20782, United States of America",Northwestern High School,7000,Adelphi Road,,20782,,Hyattsville,Prince George's County,,Maryland,MD,United States,us,1,© OpenStreetMap contributors,Open Database License,https://www.openstreetmap.org/copyright
Northwood High School: 919 University Boulevard West,39.035803,-77.022522,"Northwood High School, 919 University Boulevard West, Silver Spring, MD 20901, United States of America",Northwood High School,919,University Boulevard West,,20901,,Silver Spring,Montgomery County,,Maryland,MD,United States,us,1,© OpenStreetMap contributors,Open Database License,https://www.openstreetmap.org/copyright
Northwood High School: 310 North Avenue,26.612061,-81.613269,"310 North Avenue, Lehigh Acres, FL 33936, United States of America",,310,North Avenue,,33936,,Lehigh Acres,Lee County,,Florida,FL,United States,us,0.9,© OpenAddresses contributors,BSD-3-Clause License,
Notre Dame Preparatory School: 815 Hampton Lane,42.675212,-83.259393,"Notre Dame Preparatory School, Pontiac, MI, United States of America",Notre Dame Preparatory School,,,,,Pontiac,Pontiac,Oakland County,,Michigan,MI,United States,us,0.63,© OpenStreetMap contributors,Open Database License,https://www.openstreetmap.org/copyright
Oakdale High School: 5850 Eaglehead Drive,39.395041899999995,-77.30998786964554,"Oakdale High School, 5850 Eaglehead Drive, Yeager, MD 21774, United States of America",Oakdale High School,5850,Eaglehead Drive,,21774,,Yeager,Frederick County,,Maryland,MD,United States,us,1,© OpenStreetMap contributors,Open Database License,https://www.openstreetmap.org/copyright
Oakland Mills High School: 9410 Kilimanjaro Road,39.2088003,-76.83918915125436,"Oakland Mills High School, Kilimanjaro Road, Columbia, MD 21045, United States of America",Oakland Mills High School,,Kilimanjaro Road,Oakland Mills,21045,Talbott Springs,Columbia,Howard County,,Maryland,MD,United States,us,1,© OpenStreetMap contributors,Open Database License,https://www.openstreetmap.org/copyright
Old Mill Senior High School: 600 Patriot Lane,39.122377,-76.628381,"600 Patriot Lane, Millersville, MD 21108, United States of America",,600,Patriot Lane,,21108,,Millersville,Anne Arundel County,,Maryland,MD,United States,us,0.9,© OpenAddresses contributors,BSD-3-Clause License,
Our Lady of Good Counsel High School: 17301 Old Vic Boulevard,39.141394,-77.045491,"Our Lady Of Good Counsel High School, 17301 Old Vic Boulevard, Olney, MD 20832, United States of America",Our Lady Of Good Counsel High School,17301,Old Vic Boulevard,,20832,,Olney,Montgomery County,,Maryland,MD,United States,us,1,© OpenStreetMap contributors,Open Database License,https://www.openstreetmap.org/copyright
Our Lady of Mount Carmel High School: 1706 Old Eastern Avenue,39.3206523,-76.4478193,"Our Lady of Mount Carmel High School, Old Eastern Avenue, Middle River, MD 21221, United States of America",Our Lady of Mount Carmel High School,,Old Eastern Avenue,,21221,Josenhans,Middle River,Baltimore County,,Maryland,MD,United States,us,1,© OpenStreetMap contributors,Open Database License,https://www.openstreetmap.org/copyright
Overlea High School: 5401 Kenwood Avenue,39.3492173,-76.5109199,"Overlea High School, Kenwood Avenue, Overlea, MD 21206, United States of America",Overlea High School,,Kenwood Avenue,,21206,Linhigh,Overlea,Baltimore County,,Maryland,MD,United States,us,1,© OpenStreetMap contributors,Open Database License,https://www.openstreetmap.org/copyright
Owings Mills High School: 124 Tollgate Road,39.423775,-76.79448,"Owings Mills High School, Owings Mills, MD, United States of America",,,Owings Mills High School,,,,Owings Mills,Baltimore County,,Maryland,MD,United States,us,0,© OpenStreetMap contributors,Open Database License,https://www.openstreetmap.org/copyright
Oxon Hill High School: 6701 Leyte Drive,38.7971937,-76.99440351880449,"Oxon Hill High School, 6701 Leyte Drive, Oxon Hill, MD 20745, United States of America",Oxon Hill High School,6701,Leyte Drive,,20745,South Lawn,Oxon Hill,Prince George's County,,Maryland,MD,United States,us,1,© OpenStreetMap contributors,Open Database License,https://www.openstreetmap.org/copyright
Paint Branch High School: 14121 Old Columbia Pike,39.087334,-76.947338,"Paint Branch High School, Fairland, MD, United States of America",,,Paint Branch High School,,,,Fairland,Montgomery County,,Maryland,MD,United States,us,0,© OpenStreetMap contributors,Open Database License,https://www.openstreetmap.org/copyright
Park School of Baltimore: 2425 Old Court Road,39.392749,-76.675146,"2425 Old Court Road, Pikesville, MD 21208, United States of America",,2425,Old Court Road,Dixon Hill,21208,,Pikesville,Baltimore County,,Maryland,MD,United States,us,0.9,© OpenAddresses contributors,BSD-3-Clause License,
Parkdale High School: 6001 Good Luck Road,38.969943099999995,-76.90389497684849,"Parkdale High School, 6001 Good Luck Road, Greenbelt, MD 20737, United States of America",Parkdale High School,6001,Good Luck Road,,20737,,Greenbelt,Prince George's County,,Maryland,MD,United States,us,1,© OpenStreetMap contributors,Open Database License,https://www.openstreetmap.org/copyright
Parkside High School: 1015 Beaglin Park Drive,42.21948,-84.42107,"Parkside High School, Jackson, MI, United States of America",Parkside High School,,,,,Jackson,Jackson,Jackson County,,Michigan,MI,United States,us,1,,CC BY 4.0,https://www.geonames.org/datasources/
Parkville High & Center: 2600 Putty Hill Avenue,39.387552,-76.538704,"2600 Putty Hill Avenue, Parkville, MD 21234, United States of America",,2600,Putty Hill Avenue,,21234,,Parkville,Baltimore County,,Maryland,MD,United States,us,0.9,© OpenAddresses contributors,BSD-3-Clause License,
Patapsco High School and Center for the Arts: 8100 Wise Avenue,39.266146,-76.487958,"Patapsco High School And Center For The Arts, Dundalk, MD, United States of America",,,Patapsco High School And Center For The Arts,Saint Helena,,,Dundalk,Baltimore County,,Maryland,MD,United States,us,0,© OpenStreetMap contributors,Open Database License,https://www.openstreetmap.org/copyright
Patterson Mill High School: 85 Patterson Mill Road,39.507274,-76.324692,"85 Patterson Mill Road, Bel Air, MD 21015, United States of America",,85,Patterson Mill Road,,21015,,Bel Air,Harford County,,Maryland,MD,United States,us,0.9,© OpenAddresses contributors,BSD-3-Clause License,
Patuxent High School: 12485 Southern Connector Boulevard,38.3547949,-76.44000713800176,"Patuxent High School, 12485 Southern Connector Boulevard, Lusby, MD 20657, United States of America",Patuxent High School,12485,Southern Connector Boulevard,,20657,Appeal,Lusby,Calvert County,,Maryland,MD,United States,us,1,© OpenStreetMap contributors,Open Database License,https://www.openstreetmap.org/copyright
Paul L Dunbar High School: 1400 Orleans Street,36.322519,-82.327862,"1400 Orleans Street, Johnson City, TN 37601, United States of America",,1400,Orleans Street,,37601,,Johnson City,Washington County,,Tennessee,TN,United States,us,0.9,© OpenAddresses contributors,BSD-3-Clause License,
Perry Hall High School: 4601 Ebenezer Road,39.392628349999995,-76.46444805705909,"Perry Hall High School, 4601 Ebenezer Road, Perry Hall, MD 21236, United States of America",Perry Hall High School,4601,Ebenezer Road,,21236,Silver Gate Village,Perry Hall,Baltimore County,,Maryland,MD,United States,us,1,© OpenStreetMap contributors,Open Database License,https://www.openstreetmap.org/copyright
Perryville High School: 1696 Perryville Road,39.582063950000006,-76.06270309748412,"Perryville High School, 1696 Perryville Road, Perryville, MD 21903, United States of America",Perryville High School,1696,Perryville Road,,21903,,Perryville,Cecil County,,Maryland,MD,United States,us,1,© OpenStreetMap contributors,Open Database License,https://www.openstreetmap.org/copyright
Pikesville High School: 7621 Labyrinth Road,39.377631,-76.699644,"Pikesville High School, Pikesville, MD, United States of America",,,Pikesville High School,Cross Country,,,Pikesville,Baltimore County,,Maryland,MD,United States,us,0,© OpenStreetMap contributors,Open Database License,https://www.openstreetmap.org/copyright
Poolesville High School: 17501 West Willard Road,39.14337835,-77.4186769485444,"Poolesville High School, 17501 West Willard Road, Poolesville, MD 20837, United States of America",Poolesville High School,17501,West Willard Road,,20837,Westerly,Poolesville,Montgomery County,,Maryland,MD,United States,us,1,© OpenStreetMap contributors,Open Database License,https://www.openstreetmap.org/copyright
Potomac High School: 5211 Boydell Avenue,38.8210278,-76.9774441,"Potomac High School, Boydell Avenue, Hillcrest Heights, MD 20745, United States of America",Potomac High School,,Boydell Avenue,,20745,,Hillcrest Heights,Prince George's County,,Maryland,MD,United States,us,1,© OpenStreetMap contributors,Open Database License,https://www.openstreetmap.org/copyright
Queen Anne's County High School: 125 Ruthsburg Road,39.037588,-76.051965,"Queen Anne's County High School, Centreville, MD, United States of America",,,Queen Anne's County High School,,,,Centreville,Queen Anne's County,,Maryland,MD,United States,us,0,© OpenStreetMap contributors,Open Database License,https://www.openstreetmap.org/copyright
Quince Orchard High School: 15800 Quince Orchard Road,39.116303849999994,-77.25513651669436,"Quince Orchard High School, 15800 Quince Orchard Road, North Potomac, MD 20878, United States of America",Quince Orchard High School,15800,Quince Orchard Road,,20878,,North Potomac,Montgomery County,,Maryland,MD,United States,us,1,© OpenStreetMap contributors,Open Database License,https://www.openstreetmap.org/copyright
Randallstown High School: 4000 Offutt Road,39.382353,-76.79875,"Randallstown High School, Randallstown, MD, United States of America",,,Randallstown High School,,,,Randallstown,Baltimore County,,Maryland,MD,United States,us,0,© OpenStreetMap contributors,Open Database License,https://www.openstreetmap.org/copyright
Reservoir High School: 11550 Scaggsville Road,39.152883700000004,-76.91231973277249,"Reservoir High School, Scaggsville Road, Fulton, MD 20759, United States of America",Reservoir High School,,Scaggsville Road,Maple Lawn,20759,,Fulton,Howard County,,Maryland,MD,United States,us,1,© OpenStreetMap contributors,Open Database License,https://www.openstreetmap.org/copyright
Richard Montgomery High School: 250 Richard Montgomery Drive,39.07919,-77.146801,"Richard Montgomery High School, Richard Montgomery Ave, Rockville, MD 20850, United States of America",Richard Montgomery High School,,Richard Montgomery Ave,,20850,,Rockville,Montgomery County,,Maryland,MD,United States,us,0,© OpenStreetMap contributors,Open Database License,https://www.openstreetmap.org/copyright
Rising Sun High School: 100 Tiger Drive,39.6914777,-75.97119698358324,"Rising Sun High School, 100 Tiger Drive, North East, MD 21901, United States of America",Rising Sun High School,100,Tiger Drive,,21901,,North East,Cecil County,,Maryland,MD,United States,us,1,© OpenStreetMap contributors,Open Database License,https://www.openstreetmap.org/copyright
River Hill High School: 12101 Clarksville Pike,39.215202399999995,-76.92886779138065,"River Hill High School, 12101 Clarksville Pike, Columbia, MD 21029, United States of America",River Hill High School,12101,Clarksville Pike,,21029,Chriswood Manor,Columbia,Howard County,,Maryland,MD,United States,us,1,© OpenStreetMap contributors,Open Database License,https://www.openstreetmap.org/copyright
Riverdale Baptist School: 1133 Largo Road,38.870169,-76.791291,"1133 Largo Road, Upper Marlboro, MD 20774, United States of America",,1133,Largo Road,,20774,,Upper Marlboro,Prince George's County,,Maryland,MD,United States,us,0.9,© OpenAddresses contributors,BSD-3-Clause License,
Rockbridge Academy: 911 Generals Highway,33.78578,-84.19971,"Rockbridge Academy Early Learning, DeKalb County, GA, United States of America",Rockbridge Academy Early Learning,,,,,,,DeKalb County,,Georgia,GA,United States,us,0.81,,CC BY 4.0,https://www.geonames.org/datasources/
Rockville High School: 2100 Baltimore Road,39.0868715,-77.11876365972549,"Rockville High School, 2100 Baltimore Road, Rockville, MD 20851, United States of America",Rockville High School,2100,Baltimore Road,,20851,Twin Brook Forest,Rockville,Montgomery County,,Maryland,MD,United States,us,1,© OpenStreetMap contributors,Open Database License,https://www.openstreetmap.org/copyright
Roland Park Country School: 5204 Roland Avenue,39.358259,-76.636736,"Roland Park Country School, Baltimore, MD, United States of America",,,Roland Park Country School,,,,Baltimore,City of Baltimore,,Maryland,MD,United States,us,0.27782999999999997,© OpenStreetMap contributors,Open Database License,https://www.openstreetmap.org/copyright
Saint Andrew's Episcopal School: 8804 Postoak Road,40.822778,-73.85,"Saint Andrew's Episcopal School, Castle Hill, New York, NY, United States of America",Saint Andrew's Episcopal School,,,Castle Hill,,Bronx,New York,Bronx County,,New York,NY,United States,us,1,© OpenStreetMap contributors,Open Database License,https://www.openstreetmap.org/copyright
Saint Charles High School: 5305 Piney Church Road,38.567230300000006,-76.90881511217924,"Saint Charles High School, 5305 Piney Church Road, Waldorf, MD 20695, United States of America",Saint Charles High School,5305,Piney Church Road,,20695,,Waldorf,Charles County,,Maryland,MD,United States,us,1,© OpenStreetMap contributors,Open Database License,https://www.openstreetmap.org/copyright
Saint Frances Academy: 501 East Chase Street,39.302033,-76.608425,"Saint Frances Academy, 501 East Chase Street, Baltimore, MD 21202, United States of America",Saint Frances Academy,501,East Chase Street,,21202,,Baltimore,City of Baltimore,,Maryland,MD,United States,us,1,© OpenStreetMap contributors,Open Database License,https://www.openstreetmap.org/copyright
Saint James School: 17641 College Road,39.5753153,-77.7587114,"Saint James School, 17641 College Road, Hagerstown, MD 21740, United States of America",Saint James School,17641,College Road,,21740,,Hagerstown,Washington County,,Maryland,MD,United States,us,1,© OpenStreetMap contributors,Open Database License,https://www.openstreetmap.org/copyright
Saint John's Catholic Prep: 3989 Buckeystown Pike,39.3403389,-77.42533396168001,"Saint John's Catholic Prep, 3989 Buckeystown Pike, Buckeystown, MD 21717, United States of America",Saint John's Catholic Prep,3989,Buckeystown Pike,,21717,,Buckeystown,Frederick County,,Maryland,MD,United States,us,1,© OpenStreetMap contributors,Open Database License,https://www.openstreetmap.org/copyright
Saint Maria Goretti High School: 1535 Oak Hill Avenue,39.664306,-77.704622,"Saint Maria Goretti High School, 1535 Oak Hill Avenue, Hagerstown, MD 21742, United States of America",Saint Maria Goretti High School,1535,Oak Hill Avenue,,21742,,Hagerstown,Washington County,,Maryland,MD,United States,us,1,© OpenStreetMap contributors,Open Database License,https://www.openstreetmap.org/copyright
Saint Mary's High School: 113 Duke of Gloucester Street,38.97523,-76.488952,"Saint Marys High School, 113 Duke of Gloucester Street, Annapolis, MD, United States of America",Saint Marys High School,113,Duke of Gloucester Street,,,,Annapolis,Anne Arundel County,,Maryland,MD,United States,us,1,© OpenStreetMap contributors,Open Database License,https://www.openstreetmap.org/copyright
Saint Mary's Ryken High School: 22600 Camp Calvert Road,38.285413,-76.622061,"22600 Camp Calvert Road, Leonardtown, MD 20650, United States of America",,22600,Camp Calvert Road,,20650,,Leonardtown,St. Mary's County,,Maryland,MD,United States,us,0.9,© OpenAddresses contributors,BSD-3-Clause License,
Saint Paul's School for Boys: 11152 Falls Road,39.430951,-76.677567,"11152 Falls Road, Lutherville, MD 21093, United States of America",,11152,Falls Road,Dixon Hill,21093,,Lutherville,Baltimore County,,Maryland,MD,United States,us,0.9,© OpenAddresses contributors,BSD-3-Clause License,
Saint Paul's School for Girls: 11232 Falls Road,39.424793,-76.677785,"11232 Falls Road, Lutherville, MD 21093, United States of America",,11232,Falls Road,Dixon Hill,21093,,Lutherville,Baltimore County,,Maryland,MD,United States,us,0.9,© OpenAddresses contributors,BSD-3-Clause License,
Saint Timothy's School: 8400 Greenspring Avenue,39.4083071,-76.6896679454193,"Saint Timothy's School, 8400 Greenspring Avenue, Lutherville, MD 21093, United States of America",Saint Timothy's School,8400,Greenspring Avenue,,21093,Eden Roc,Lutherville,Baltimore County,,Maryland,MD,United States,us,1,© OpenStreetMap contributors,Open Database License,https://www.openstreetmap.org/copyright
Saint Vincent Pallotti High School: 113 St. Mary's Place,39.107712,-76.857024,"Saint Vincent Pallotti High School, 113 Saint Marys Place, Laurel, MD 20707, United States of America",Saint Vincent Pallotti High School,113,Saint Marys Place,,20707,,Laurel,Prince George's County,,Maryland,MD,United States,us,1,© OpenStreetMap contributors,Open Database License,https://www.openstreetmap.org/copyright
Saints Peter and Paul High School: 900 High Street,29.592575,-90.714626,"900 High Street, Houma, LA 70360, United States of America",,900,High Street,,70360,,Houma,Terrebonne Parish,,Louisiana,LA,United States,us,0.9,© OpenAddresses contributors,BSD-3-Clause License,
Salisbury School: 6279 Hobbs Road,38.3637286,-75.5321445,"Salisbury School, Hobbs Road, Mount Hermon, MD 21804, United States of America",Salisbury School,,Hobbs Road,,21804,,Mount Hermon,Wicomico County,,Maryland,MD,United States,us,1,© OpenStreetMap contributors,Open Database License,https://www.openstreetmap.org/copyright
Sandy Spring Friends School: 16923 Norwood Road,39.135474,-77.025936,"Sandy Spring Friends School, Ashton-Sandy Spring, MD, United States of America",,,Sandy Spring Friends School,,,,Ashton-Sandy Spring,Montgomery County,,Maryland,MD,United States,us,0,© OpenStreetMap contributors,Open Database License,https://www.openstreetmap.org/copyright
Seed School of Maryland: 200 Font Hill Avenue,39.284927,-76.664354,"The SEED School of Maryland, Baltimore, MD, United States of America",,,The SEED School of Maryland,,,,Baltimore,City of Baltimore,,Maryland,MD,United States,us,0,© OpenStreetMap contributors,Open Database License,https://www.openstreetmap.org/copyright
Seneca Valley High School: 19401 Crystal Rock Drive,39.1738341,-77.2637787,"Seneca Valley High School, 19401 Crystal Rock Drive, Germantown, MD 20874, United States of America",Seneca Valley High School,19401,Crystal Rock Drive,,20874,The Colony,Germantown,Montgomery County,,Maryland,MD,United States,us,1,© OpenStreetMap contributors,Open Database License,https://www.openstreetmap.org/copyright
Seton Keough High School: 1201 Caton Avenue,39.268962,-76.666111,"1201 South Caton Avenue, Halethorpe, MD 21227, United States of America",,1201,South Caton Avenue,,21227,,Halethorpe,City of Baltimore,,Maryland,MD,United States,us,0.81,© OpenAddresses contributors,BSD-3-Clause License,
Severn School: 201 Water Street,41.324431,-74.810647,"201 Water Street, Milford, PA 18337, United States of America",,201,Water Street,,18337,Milford,Milford,Pike County,,Pennsylvania,PA,United States,us,0.9,© OpenStreetMap contributors,Open Database License,https://www.openstreetmap.org/copyright
Severna Park Senior High School: 60 Robinson Road,42.735998,-71.462914,"60 Robinson Road, Nashua, NH 03060, United States of America",,60,Robinson Road,,03060,Nashua,Nashua,Hillsborough County,,New Hampshire,NH,United States,us,0.9,© OpenStreetMap contributors,Open Database License,https://www.openstreetmap.org/copyright
Sherwood High School: 300 Olney-Sandy Spring Road,39.146812350000005,-77.01870702622267,"Sherwood High School, 300 Olney Sandy Spring Road, Sandy Spring, MD 20860, United States of America",Sherwood High School,300,Olney Sandy Spring Road,Ashton Village Center,20860,,Sandy Spring,Montgomery County,,Maryland,MD,United States,us,1,© OpenStreetMap contributors,Open Database License,https://www.openstreetmap.org/copyright
Smithsburg High School: 66 N Main Street,42.219917,-72.60127,"66 North Main Street, South Hadley, MA, United States of America",,66,North Main Street,,,South Hadley,South Hadley,Hampshire County,,Massachusetts,MA,United States,us,0.9,© OpenStreetMap contributors,Open Database License,https://www.openstreetmap.org/copyright
Snow Hill High School: 305 South Church Street,33.953171,-83.384423,"305 South Church Street, Athens-Clarke County, GA 30605, United States of America",,305,South Church Street,,30605,,Athens-Clarke County,Clarke County,,Georgia,GA,United States,us,0.9,© OpenAddresses contributors,BSD-3-Clause License,
South Carroll High School: 1300 West Old Liberty Road,39.44309765,-77.04142035000001,"South Carroll High School, 1300 West Old Liberty Road, Winfield, MD 21784, United States of America",South Carroll High School,1300,West Old Liberty Road,,21784,,Winfield,Carroll County,,Maryland,MD,United States,us,1,© OpenStreetMap contributors,Open Database License,https://www.openstreetmap.org/copyright
South Hagerstown High School: 1101 South Potomac Street,39.620345900000004,-77.73156608786874,"South Hagerstown High School, 1101 South Potomac Street, Hagerstown, MD 21740, United States of America",South Hagerstown High School,1101,South Potomac Street,,21740,,Hagerstown,Washington County,,Maryland,MD,United States,us,1,© OpenStreetMap contributors,Open Database License,https://www.openstreetmap.org/copyright
South River High School: 201 Central Avenue East,44.173499,-93.245537,"201 Central Avenue East, Medford, MN 55049, United States of America",,201,Central Avenue East,,55049,Medford,Medford,Steele County,,Minnesota,MN,United States,us,0.9,© OpenAddresses contributors,BSD-3-Clause License,
Southern Garrett High School: 345 Oakland Drive,39.404853,-79.387971,"Southern Garrett High School, Oakland, MD, United States of America",,,Southern Garrett High School,,,,Oakland,Garrett County,,Maryland,MD,United States,us,0,© OpenStreetMap contributors,Open Database License,https://www.openstreetmap.org/copyright
Southern High School: 4400 Solomons Island Road,35.999864,-78.82749,"Southern High School, 800 Clayton Road, Durham, NC 27703, United States of America",Southern High School,800,Clayton Road,,27703,,Durham,Durham County,,North Carolina,NC,United States,us,0.315,© OpenStreetMap contributors,Open Database License,https://www.openstreetmap.org/copyright
Sparrows Point High School: 7400 North Point Road,39.239217,-76.441895,"Sparrows Point High School, Edgemere, MD, United States of America",,,Sparrows Point High School,Saint Helena,,,Edgemere,Baltimore County,,Maryland,MD,United States,us,0.25004699999999996,© OpenStreetMap contributors,Open Database License,https://www.openstreetmap.org/copyright
Spencerville Adventist Academy: 2502 Spencerville Road,39.117185,-76.958327,"2502 Spencerville Road, Burtonsville, MD 20868, United States of America",,2502,Spencerville Road,,20868,,Burtonsville,Montgomery County,,Maryland,MD,United States,us,0.9,© OpenAddresses contributors,BSD-3-Clause License,
Springbrook High School: 201 Valley Brook Drive,39.058185,-77.006941,"Springbrook High School, 201 Valley Brook Drive, Silver Spring, MD 20904, United States of America",Springbrook High School,201,Valley Brook Drive,,20904,,Silver Spring,Montgomery County,,Maryland,MD,United States,us,1,© OpenStreetMap contributors,Open Database License,https://www.openstreetmap.org/copyright
Stephen Decatur High School: 9913 Seahawk Road,38.33988825,-75.1898709744469,"Stephen Decatur High School, 9913 Seahawk Road, Berlin, MD 21811, United States of America",Stephen Decatur High School,9913,Seahawk Road,,21811,,Berlin,Worcester County,,Maryland,MD,United States,us,1,© OpenStreetMap contributors,Open Database License,https://www.openstreetmap.org/copyright
Stone Ridge School of the Sacred Heart: 9101 Rockville Pike,39.0066377,-77.0943544048213,"Stone Ridge School of the Sacred Heart, 9101 Rockville Pike, Bethesda, MD 20814, United States of America",Stone Ridge School of the Sacred Heart,9101,Rockville Pike,,20814,Locust Hill Estates,Bethesda,Montgomery County,,Maryland,MD,United States,us,1,© OpenStreetMap contributors,Open Database License,https://www.openstreetmap.org/copyright
Suitland High School: 5200 Silver Hill Road,38.854185,-76.9177097,"Suitland High School, Silver Hill Road, Suitland, MD 20233, United States of America",Suitland High School,,Silver Hill Road,,20233,Suitland Manor,Suitland,Prince George's County,,Maryland,MD,United States,us,1,© OpenStreetMap contributors,Open Database License,https://www.openstreetmap.org/copyright
Surrattsville High School: 6101 Garden Drive,38.762059,-76.901362,"Surrattsville High School, Clinton, MD, United States of America",Surrattsville High School,,,,,,Clinton,Prince George's County,,Maryland,MD,United States,us,1,© OpenStreetMap contributors,Open Database License,https://www.openstreetmap.org/copyright
Takoma Academy: 8120 Carroll Avenue,38.99240995,-76.99525954559186,"Takoma Academy, 8120 Carroll Avenue, Takoma Park, MD 20912, United States of America",Takoma Academy,8120,Carroll Avenue,,20912,Browns Corner,Takoma Park,Montgomery County,,Maryland,MD,United States,us,1,© OpenStreetMap contributors,Open Database License,https://www.openstreetmap.org/copyright
Thomas Sprigg Wootton High School: 2100 Wootton Parkway,39.07703,-77.182514,"2100 Wootton Parkway, Rockville, MD 20850, United States of America",,2100,Wootton Parkway,,20850,,Rockville,Montgomery County,,Maryland,MD,United States,us,0.9,© OpenAddresses contributors,BSD-3-Clause License,
Thomas Stone High School: 3785 Leonardtown Road,38.613621800000004,-76.88668690079518,"Thomas Stone High School, 3875 Leonardtown Road, Waldorf, MD 20601, United States of America",Thomas Stone High School,3875,Leonardtown Road,,20601,,Waldorf,Charles County,,Maryland,MD,United States,us,0.5,© OpenStreetMap contributors,Open Database License,https://www.openstreetmap.org/copyright
Tome School: 581 South Maryland Boulevard,39.60428,-76.10523,"Tome School, Port Deposit, MD, United States of America",Tome School,,,,,,Port Deposit,Cecil County,,Maryland,MD,United States,us,1,,CC BY 4.0,https://www.geonames.org/datasources/
Towson High School: 69 Cedar Avenue,40.911893,-74.054884,"69 Cedar Avenue, Maywood, NJ 07607, United States of America",,69,Cedar Avenue,,07607,Maywood,Maywood,Bergen County,,New Jersey,NJ,United States,us,0.9,© OpenAddresses contributors,BSD-3-Clause License,
Tuscarora High School: 5312 Ballenger Creek Pike,39.3778287,-77.4460838,"Tuscarora High School, 5312 Ballenger Creek Pike, Ballenger Creek, MD 21703, United States of America",Tuscarora High School,5312,Ballenger Creek Pike,,21703,,Ballenger Creek,Frederick County,,Maryland,MD,United States,us,1,© OpenStreetMap contributors,Open Database License,https://www.openstreetmap.org/copyright
Urbana High School: 3471 Campus Drive,39.324898,-77.337743,"Urbana High School, 3471 Campus Drive, Ijamsville, MD 21754, United States of America",Urbana High School,3471,Campus Drive,,21754,,Ijamsville,Frederick County,,Maryland,MD,United States,us,1,© OpenStreetMap contributors,Open Database License,https://www.openstreetmap.org/copyright
Walkersville High School: 81 W Frederick Street,39.47546225,-77.36154233965263,"Walkersville High School, 81 West Frederick Street, Walkersville, MD 21793, United States of America",Walkersville High School,81,West Frederick Street,,21793,Spring View Estates,Walkersville,Frederick County,,Maryland,MD,United States,us,1,© OpenStreetMap contributors,Open Database License,https://www.openstreetmap.org/copyright
Walt Whitman High School: 7100 Whittier Boulevard,38.98198965,-77.12737588237053,"Walt Whitman High School, 7100 Whittier Boulevard, Bethesda, MD 20817, United States of America",Walt Whitman High School,7100,Whittier Boulevard,,20817,Oakwood Knolls,Bethesda,Montgomery County,,Maryland,MD,United States,us,1,© OpenStreetMap contributors,Open Database License,https://www.openstreetmap.org/copyright
Walter Johnson High School: 6400 Rock Spring Drive,39.02506835,-77.13010499631119,"Walter Johnson High School, Rock Spring Drive, North Bethesda, MD 20852, United States of America",Walter Johnson High School,,Rock Spring Drive,,20852,Marymount,North Bethesda,Montgomery County,,Maryland,MD,United States,us,1,© OpenStreetMap contributors,Open Database License,https://www.openstreetmap.org/copyright
Washington Christian Academy: 16227 Batchellors Forest Road,39.121089049999995,-77.06826728939924,"Washington Christian Academy, 16227 Batchellors Forest Road, Olney, MD 20832, United States of America",Washington Christian Academy,16227,Batchellors Forest Road,,20832,Oakdale,Olney,Montgomery County,,Maryland,MD,United States,us,1,© OpenStreetMap contributors,Open Database License,https://www.openstreetmap.org/copyright
Washington County Technical High School: 50 West Oak Ridge Drive,39.614552,-77.735881,"Washington County Technical High School, 50 West Oak Ridge Drive, Hagerstown, MD 21740, United States of America",Washington County Technical High School,50,West Oak Ridge Drive,,21740,,Hagerstown,Washington County,,Maryland,MD,United States,us,1,© OpenStreetMap contributors,Open Database License,https://www.openstreetmap.org/copyright
Watkins Mill High School: 10301 Apple Ridge Road,39.183884,-77.214283,"Watkins Mill High School, Montgomery County, MD, United States of America",,,Watkins Mill High School,,,,,Montgomery County,,Maryland,MD,United States,us,0.15752961,© OpenStreetMap contributors,Open Database License,https://www.openstreetmap.org/copyright
West Nottingham Academy: 1079 Firetower Road,39.66808915,-76.08015581556353,"West Nottingham Academy, 1079 Firetower Road, West Nottingham, MD 21917, United States of America",West Nottingham Academy,1079,Firetower Road,,21917,,West Nottingham,Cecil County,,Maryland,MD,United States,us,1,© OpenStreetMap contributors,Open Database License,https://www.openstreetmap.org/copyright
Western High School: 4600 Falls Road,39.3470272,-76.6425902,"Western High School, 4600 Falls Road, Baltimore, MD 21209, United States of America",Western High School,4600,Falls Road,Greater Roland Park,21209,Cross Keys,Baltimore,,,Maryland,MD,United States,us,1,© OpenStreetMap contributors,Open Database License,https://www.openstreetmap.org/copyright
Western School of Technology and Environmental Science: 100 Kenwood Avenue,39.269452,-76.712886,"100 Kenwood Avenue, Catonsville, MD 21228, United States of America",,100,Kenwood Avenue,,21228,,Catonsville,Baltimore County,,Maryland,MD,United States,us,0.9,© OpenAddresses contributors,BSD-3-Clause License,
Westlake High School: 3300 Middletown Road,38.6219781,-76.96588646714494,"Westlake High School, 3300 Middletown Road, Waldorf, MD 20603, United States of America",Westlake High School,3300,Middletown Road,,20603,,Waldorf,Charles County,,Maryland,MD,United States,us,1,© OpenStreetMap contributors,Open Database License,https://www.openstreetmap.org/copyright
Westminster High School: 1225 Washington Road,39.5414903,-76.9924815,"Westminster High School, 1225 Old Washington Road, Westminster, MD 21157, United States of America",Westminster High School,1225,Old Washington Road,,21157,,Westminster,Carroll County,,Maryland,MD,United States,us,0.9,© OpenStreetMap contributors,Open Database License,https://www.openstreetmap.org/copyright
Wheaton High School: 12401 Dalewood Drive,39.0598412,-77.0671834,"Wheaton High School, 12601 Dalewood Drive, Silver Spring, MD 20906, United States of America",Wheaton High School,12601,Dalewood Drive,,20906,Glenmont Hills,Silver Spring,Montgomery County,,Maryland,MD,United States,us,0.5,© OpenStreetMap contributors,Open Database License,https://www.openstreetmap.org/copyright
Wicomico High School: 201 Long Avenue,38.364992,-75.578971,"Wicomico High School, Wicomico County, MD, United States of America",,,Wicomico High School,,,,,Wicomico County,,Maryland,MD,United States,us,0,© OpenStreetMap contributors,Open Database License,https://www.openstreetmap.org/copyright
Wilde Lake High School: 5460 Trumpeter Road,39.216984,-76.87271159575143,"Wilde Lake High School, Trumpeter Road, Columbia, MD 21044, United States of America",Wilde Lake High School,,Trumpeter Road,Wilde Lake,21044,Bryant Woods,Columbia,Howard County,,Maryland,MD,United States,us,1,© OpenStreetMap contributors,Open Database License,https://www.openstreetmap.org/copyright
Williamsport High School: 5 South Clifton Drive,41.23813,-77.02552,"Williamsport High School, Williamsport, PA, United States of America",Williamsport High School,,,,,Williamsport,Williamsport,Lycoming County,,Pennsylvania,PA,United States,us,1,,CC BY 4.0,https://www.geonames.org/datasources/
Winston Churchill High School: 11300 Gainsborough Road,39.042309,-77.173687,"Winston Churchill High School, Potomac, MD, United States of America",,,Winston Churchill High School,,,,Potomac,Montgomery County,,Maryland,MD,United States,us,0.15752961,© OpenStreetMap contributors,Open Database License,https://www.openstreetmap.org/copyright
Winters Mill High School: 560 Gorsuch Road,39.57230385,-76.97577225418928,"Winters Mill High School, Old Gorsuch Road, Carroll County, MD 21157, United States of America",Winters Mill High School,,Old Gorsuch Road,,21157,,,Carroll County,,Maryland,MD,United States,us,0.9,© OpenStreetMap contributors,Open Database License,https://www.openstreetmap.org/copyright
Woodlawn High School: 1801 Woodlawn Drive,32.436542,-93.774908,"Woodlawn High School, Shreveport, LA, United States of America",Woodlawn High School,,,,,,Shreveport,Caddo Parish,,Louisiana,LA,United States,us,1,© OpenStreetMap contributors,Open Database License,https://www.openstreetmap.org/copyright
Worcester Preparatory School: 508 South Main Street,38.3162733,-75.2210068,"Worcester Preparatory School, South Main Street, Berlin, MD 21811, United States of America",Worcester Preparatory School,,South Main Street,,21811,,Berlin,Worcester County,,Maryland,MD,United States,us,1,© OpenStreetMap contributors,Open Database License,https://www.openstreetmap.org/copyright
Yeshiva of Greater Washington: 2010 Linden Lane,39.039895,-77.043917,"Yeshiva of Greater Washington College, Wheaton, MD, United States of America",Yeshiva of Greater Washington College,,,,,,Wheaton,Montgomery County,,Maryland,MD,United States,us,0.9,© OpenStreetMap contributors,Open Database License,https://www.openstreetmap.org/copyright